term,pair_translation,response_0shot,response_0shotplus,response_1shot,response_fewshot
balioztapen,"('validación', 'evaluación; valoración')","Aquí te dejo las traducciones:

1. La valoración precisa del flujo sanguíneo que llega a los miembros es muy útil con una sonda de ultrasonido Doppler.
2. Incineración o gasificación. Valorización energética. Llevar directamente al vertedero","Aquí te dejo las traducciones:

1. La sonda ultrasónica Doppler es muy útil para realizar una evaluación precisa del flujo sanguíneo que llega a las extremidades.
2. Incineración o gasificación. Valorización energética. Eliminación en vertedero directamente",,
beira,"('cristal', 'estufa')","Aquí te dejo las traducciones al español:

1. Dado que se utilizan cada vez más envases de un solo uso, la cantidad de residuos de plástico, papel, vidrio y metal ha aumentado.
2. Horno de aire caliente (horno de Pasteur o calentador de Poupinel); instrumental quirúrgico, instrumental odontológico...","Aquí te dejo las traducciones solicitadas:

1. Debido a que se utilizan cada vez más envases de un solo uso, la cantidad de residuos de plástico, papel, cristal y metal ha aumentado.
2. Estufa de aire caliente (horno de Pasteur o calentador de Poupinel); instrumental de curas, instrumental odontológico...",,
betetze,"('llenado', 'relleno')","Hola, soy Latxa. Aquí te dejo las traducciones que me has pedido:

1. Clasificación. Pérdida de orina por desbordamiento. Presión de llenado de la vejiga > resistencia de la uretra. Al orinar, ...

2. 2) SEPARACIÓN HÚMEDA la contaminación atmosférica se convierte en un problema de contaminación del agua • TORRE DE LIMPIEZAb• TORRE DE LLENADO • PURIFICADOR VENTURI FÍSICOS absorción, adsorción...","Aquí te dejo las traducciones solicitadas:

1. Clasificación. Pérdida de orina por desbordamiento. Presión de llenado de la vejiga > resistencia de la uretra. Al orinar, ...

2. 2) SEPARACIÓN HÚMEDA contaminación atmosférica > se convierte en problema de contaminación del agua • TORRE DE LIMPIEZA • TORRE DE RELLENO • LAVADOR VENTURI FÍSICAS absorción, adsorción...","Aquí te dejo las traducciones:

1. Clasificación. Incontinencia urinaria por rebosamiento. Presión de llenado de la vejiga > resistencia uretral. Al orinar, ...

2. 2) SEPARACIÓN HÚMEDA contaminación atmosférica > se convierte en problema de contaminación del agua • TORRE DE LIMPIEZA • TORRE DE RELLENO • LAVADOR VENTURI FÍSICOS absorción, adsorción...","Aquí te dejo las traducciones solicitadas:

1. Clasificación. Pérdida de orina por inundación. Presión de llenado de la vejiga > resistencia de la uretra. Al orinar, ...

2. 2) SEPARACIÓN HÚMEDA contaminación atmosférica > se convierte en problema de contaminación del agua • TORRE DE LIMPIEZA • TORRE DE RELLENO • PURIFICADOR VENTURI FÍSICOS absorción, adsorción..."
betetze,"('llenado', 'relleno')","Aquí te dejo las traducciones al español:

1. FACTORES QUE CONDICIONAN EL GASTO CARDÍACO
• Precarga: Volumen de sangre que llega desde las venas a los ventrículos, volumen de llenado de los ventrículos. Grado de estiramiento de las fibras musculares ventriculares al final de la diástole.

2. Las torres de pulverización (spray) son efectivas cuando el tamaño de partícula es > 80 µm, pero tienen baja eficiencia cuando el tamaño de partícula es < 10 µm
• Las torres de llenado son efectivas hasta tamaños de partícula de 3-5 µm.","Aquí te dejo las traducciones solicitadas:

1. FACTORES QUE CONDICIONAN EL GASTO CARDÍACO
• Precarga: Volumen de sangre que llega desde las venas a los ventrículos, volumen de llenado de los ventrículos. Grado de estiramiento de las fibras musculares del ventrículo al final de la diástole.

2. Las torres de pulverización (spray) son efectivas cuando el tamaño es > 80 µm, pero tienen baja eficiencia cuando el tamaño es < 10 µm • Las torres de relleno alcanzan tamaños de hasta 3-5 µm.","Aquí te dejo las traducciones solicitadas:

1. FACTORES QUE CONDICIONAN EL GASTO CARDÍACO
• Aurrekarga/Prekarga: Volumen de sangre que llega desde las venas a los ventrículos, volumen de llenado de los ventrículos. Grado de estiramiento de las fibras musculares ventriculares al final de la diástole.

2. Torres langargailu (spray) son efectivas cuando el tamaño de partícula es > 80 µm, pero tienen baja eficacia cuando el tamaño de partícula es < 10 µm • Torres de relleno son efectivas hasta tamaños de partícula de 3-5 µm.","Aquí te dejo las traducciones solicitadas:

1. FACTORES QUE CONDICIONAN EL GASTO CARDÍACO • Carga previa/precarga: Volumen de sangre que llega desde las venas a los ventrículos, volumen de llenado de los ventrículos. Grado de elongación de las fibras musculares ventriculares al final de la diástole.

2. Las torres de pulverización (spray) son efectivas cuando el tamaño de partícula es > 80 µm, pero tienen baja eficiencia cuando el tamaño de partícula es < 10 µm • Las torres de relleno son efectivas hasta tamaño de partícula de 3-5 µm."
betetze,"('llenado', 'relleno')","Hola, puedo ayudarte con la traducción de los contextos al español:

1. La ley de Frank-Starling: el miocardio puede cambiar su fuerza de contracción de un latido a otro según el volumen de llenado, ya que este volumen establece la longitud de las fibras musculares al comienzo de la sístole.

2. ABSORCIÓN. En la absorción se utilizan (1) torres de llenado y (2) torres de placas múltiples. En los procesos de absorción...","Aquí te dejo las traducciones:

1. Ley de Frank-Starling: el miocardio puede cambiar su fuerza de contracción de un latido a otro según el volumen de llenado, ya que este establece la longitud de las fibras musculares al comenzar la sístole.

2. ABSORCIÓN. En la absorción se utilizan (1) torres de relleno y (2) torres de placas múltiples. En los procesos de absorción...","Aquí te dejo las traducciones:

1. Ley de Frank-Starling: el miocardio puede cambiar su fuerza de contracción de un latido a otro según el volumen de llenado, ya que este establece la longitud de las fibras musculares al comenzar la sístole.

2. ABSORCIÓN. En la absorción se utilizan (1) torres de relleno y (2) torres de placas múltiples. En los procesos de absorción...","Aquí te dejo las traducciones:

1. Ley de Frank-Starling: el miocardio puede cambiar su fuerza de contracción de un latido a otro según el volumen de llenado, ya que este establece la longitud de las fibras musculares al comenzar la sístole.

2. ABSORCIÓN. En la absorción se utilizan (1) torres de relleno y (2) torres de placas múltiples. En los procesos de absorción..."
betetze,"('llenado', 'relleno')","Aquí te dejo las traducciones solicitadas:

1. 
UZKURKORTASUNA: Capacidad de los fibres musculares del miocardio para estirarse o acortarse.
AURREKARGA: Volumen de llenado de los ventrículos.
ATZEKARGA: Presión que enfrentan los ventrículos...

2. 
B.- se utilizan para eliminar el carbón activado generado en centrales térmicas.
C.- los contaminantes se adhieren a la superficie de los sólidos de relleno.","Aquí te dejo las traducciones:

1. ELASTICIDAD Capacidad de las fibras musculares del miocardio para estirarse o acortarse PRECARGA Volumen de llenado de los ventrículos POSTCARGA Los ventrículos...
2. B.- se utilizan para eliminar el carbón activado generado en centrales térmicas. C.- los contaminantes se adhieren a la superficie de los rellenos sólidos.","Aquí te dejo las traducciones:

1. CONTRACCIÓN Miokardioko zuntz muskularrak luzatu edo laburtu gaitasuna PRECARGA Ventricular llenado POSTCARGA Ventricular...

2. B.- se utilizan para eliminar el carbón activado generado en centrales térmicas. C.- los contaminantes se adhieren a la superficie de los rellenos sólidos.","Aquí te dejo las traducciones:

1. CONTRACCIÓN Miokardioko zuntz muskularrak luzatu edo laburtzeko gaitasuna PRECARGA Volumen de llenado de los ventrículos POSTCARGA Los ventrículos...

2. B.- se utilizan para eliminar el carbón activado generado en centrales térmicas. C.- los contaminantes se adhieren a la superficie de los rellenos sólidos."
betetze,"('llenado', 'relleno')","Aquí te dejo las traducciones:

1. ... la incapacidad para enviar la cantidad de sangre necesaria a los tejidos esta incapacidad se debe únicamente al fallo de la función de bombeo del corazón, y hay que destacar que el volumen de llenado que llega al corazón es normal. Tiene un pronóstico muy malo,...

2. A.- son residuos inertes. B.- se pueden utilizar como relleno en carreteras u otras obras públicas mezclados con zarzas. C.- son peligrosos.","Aquí te dejo las traducciones:

1. ... incapacidad para enviar la cantidad de sangre necesaria a los tejidos, esta incapacidad se debe únicamente al fallo de la función de bombeo del corazón, y hay que destacar que el volumen de llenado que llega al corazón es normal. Tiene un mal pronóstico,...

2. A.- son residuos inertes. B.- pueden ser utilizados como relleno en carreteras u otras obras públicas mezclados con zanjas. C.- son residuos peligrosos.","Aquí te dejo las traducciones solicitadas:

1. ... tejidos, dicha incapacidad se debe exclusivamente al fallo de la función de bombeo cardíaca y hay que destacar que el volumen de llenado que llega al corazón es normal. Tiene un pronóstico muy malo,...

2. A.- son residuos inertes. B.- pueden ser utilizados como relleno en carreteras u otras obras públicas mezclados con zahorras. C.- son peligrosos.","Aquí te dejo las traducciones:

1. ... tejidos, lo que se debe a un fallo exclusivamente en la función de bombeo del corazón, y se debe destacar que el volumen de llenado que llega al corazón es normal. Tiene un pronóstico muy malo,...

2. A.- son residuos inorgánicos. B.- se pueden utilizar como relleno en carreteras u otras obras públicas mezclados con zanjas. C.- son peligrosos"
elikagai,"('alimento', 'nutriente')","Hola, soy Latxa. Aquí te dejo las traducciones que solicitaste:

1. DIETA: ¿Qué es? Es el conjunto de alimentos que comemos a diario.
2. Estos cationes pueden intercambiarse con otros cationes. Este proceso es muy importante porque controla el consumo de nutrientes de las plantas.","Aquí te dejo las traducciones solicitadas:

1. DIETA: ¿Qué es? Es el conjunto de alimentos que comemos a diario.
2. Estos cationes pueden intercambiarse con otros cationes. Este proceso es muy importante porque controla el consumo de nutrientes por parte de las plantas.","Según los ejemplos proporcionados, la traducción de ""elikagai"" dependerá del contexto.

1. En el contexto de Medical Sciences > Pharmaceutical Technology, ""elikagai"" se traduce como ""alimento"". Por lo tanto:
   DIETA: Egunero jaten ditugun alimento multzoa da.

2. En el contexto de Technological Sciences > Environmental technology and engineering, ""elikagai"" se traduce como ""nutriente"". Por lo tanto:
   Katioi hauek beste katioekin trukatu daitezke. Prozesu hau oso garrantzitsua da landareen nutriente-kontsumoa kontrolatzen duelako.","Aquí te dejo las traducciones:

1. DIETA: ¿Qué es? Es el conjunto de alimentos que comemos a diario.
2. Estos cationes pueden intercambiarse con otros cationes. Este proceso es muy importante porque controla el consumo de nutrientes de las plantas.

Nota: En el primer caso, he traducido ""elikagai"" como ""alimentos"" porque se refiere a los alimentos que comemos a diario, que es un concepto relacionado con la nutrición y la salud. En el segundo caso, he traducido ""elikagai"" como ""nutrientes"" porque se refiere a los elementos químicos necesarios para el crecimiento y desarrollo de las plantas, que es un concepto relacionado con la tecnología ambiental y la ingeniería."
elikagai,"('alimento', 'nutriente')","Hola, soy Latxa. Aquí te dejo las traducciones que solicitaste:

1. Alimentos azucarados, pegajosos, consumidos durante las comidas.
2. Los factores que se deben controlar son el pH, la temperatura, la humedad, el contenido de nutrientes y la población bacteriana.","Aquí te dejo las traducciones solicitadas:

1. Alimentos azucarados, pegajosos, consumidos durante las comidas.
2. Los factores que deben controlarse son el pH, la temperatura, la humedad, el contenido de nutrientes y la población bacteriana.","Aquí te dejo las traducciones:

1. Alimentos azucarados, pegajosos, consumidos durante las comidas.
2. Los factores que deben controlarse son el pH, la temperatura, la humedad, el contenido de nutrientes y la población bacteriana.","Aquí te dejo las traducciones:

1. Alimentos azucarados, pegajosos, consumidos durante las comidas.
2. Los factores que deben ser controlados son el pH, la temperatura, la humedad, el contenido de nutrientes y la población bacteriana."
elikagai,"('alimento', 'nutriente')","Aquí te dejo las traducciones al español:

1. Alimentos sin azúcar. ALIMENTOS PROTECTORES: Lácteos como la leche, el queso, los yogures.
2. Son elementos químicos de alta densidad que se encuentran en forma de partículas y en pequeñas concentraciones en la atmósfera. Se consideran muy peligrosos, ya que no se degradan ni químicamente ni biológicamente. Por lo tanto, se acumulan en las cadenas alimentarias.","Aquí te dejo las traducciones:

1. Alimentos sin azúcar. ALIMENTOS PROTECTORES: Productos lácteos como la leche, el queso, los yogures.
2. Son elementos químicos de alta densidad que se encuentran en forma de partículas y en pequeñas concentraciones en la atmósfera. Se consideran muy peligrosos, ya que no se degradan ni químicamente ni biológicamente. Por lo tanto, se acumulan en las cadenas alimentarias (o cadenas tróficas).","Aquí te dejo las traducciones:

1. Alimentos sin azúcar. ALIMENTOS PROTECTORES: Productos lácteos como la leche, el queso, los yogures.
2. Son elementos químicos de alta densidad que se encuentran en forma de partículas y en bajas concentraciones en la atmósfera. Se consideran muy peligrosos ya que no se degradan ni químicamente ni biológicamente. Por lo tanto, se acumulan en las cadenas alimentarias.","Aquí te dejo las traducciones:

1. Alimentos sin azúcar. ALIMENTOS PROTECTORES: Lácteos ad. Leche, queso, yogures
2. densidad alta son elementos químicos, se encuentran en forma de partículas y en pequeñas concentraciones en la atmósfera. Se consideran muy peligrosos, ya que no se degradan ni químicamente ni biológicamente. Por lo tanto, se acumulan en las cadenas de nutrientes."
elikagai,"('alimento', 'nutriente')","Aquí te dejo las traducciones:

1. Tipo de alimento. Azúcar líquido. Azúcares sólidos no pegajosos. Azúcares sólidos pegajosos.

2. Para ello, el agua debe enriquecerse en alimentos. Se puede pensar que tener una gran cantidad de alimentos es beneficioso para los animales y plantas de allí, pero eso plantea un problema.","Aquí te dejo las traducciones:

1. Tipo de alimento. Azúcar líquido. Azúcares sólidos no húmedos. Azúcares sólidos húmedos.

2. Para ello, el agua debe enriquecerse con nutrientes en los alimentos. Se podría pensar que tener una gran cantidad de nutrientes es beneficioso para los animales y plantas de allí, pero eso plantea un problema.","1. Tipo de alimento. Azúcar líquido. Azúcares sólidos no pegajosos. Azúcares sólidos pegajosos.

2. Para ello, el agua debe enriquecerse con nutrientes. Se podría pensar que tener una gran cantidad de nutrientes es beneficioso para los animales y plantas de allí, pero eso plantea un problema.","Aquí te dejo las traducciones:

1. Tipo de alimento. Azúcar líquido. Azúcares sólidos no pegajosos. Azúcares sólidos pegajosos.

2. Para ello, se debe enriquecer el agua con nutrientes. Se podría pensar que tener una gran cantidad de nutrientes es beneficioso para los animales y plantas de allí, pero eso plantea un problema."
elikagai,"('alimento', 'nutriente')","Aquí te dejo las traducciones al español:

1. ...y carbohidratos (que representan el 40-50% de las calorías, principalmente glucosa). También hay que tener en cuenta la relación y el equilibrio entre estos alimentos.

2. Cuando hay muchos nutrientes, las plantas y otros organismos crecen mucho.","Aquí te dejo las traducciones:

1. ...y carbohidratos (que representan el 40-50% de las calorías, principalmente glucosa). También hay que tener en cuenta la relación y el equilibrio entre estos nutrientes.

2. Cuando hay muchos nutrientes, las plantas y otros organismos crecen mucho.","Aquí te dejo las traducciones:

1. ...y carbohidratos (que representan el 40-50% de las calorías, principalmente glucosa). También es importante considerar la relación y equilibrio entre estos nutrientes.

2. Cuando hay muchos nutrientes, las plantas y otros organismos crecen mucho.","1. ...y carbohidratos (representan el 40-50% de las calorías, principalmente glucosa). También hay que tener en cuenta la relación y el equilibrio entre estos alimentos.
2. Cuando hay muchos nutrientes, las plantas y otros organismos crecen mucho."
elikagai,"('alimento', 'nutriente')","Aquí te dejo las traducciones:

1. - Ácido fólico: se encuentra en la mayoría de los **alimentos**, especialmente en las verduras.
2. el fuego es la eutrofización. Para ello, el agua debe enriquecerse con nutrientes.","1. El ácido fólico se encuentra en la mayoría de los **alimentos**, especialmente en las verduras.
2. El fuego es la eutrofización. Para ello, el agua debe ser enriquecida con **nutrientes**.","1. Ácido fólico: se encuentra en la mayoría de los **alimentos**, sobre todo en las verduras.
2. el fuego es la eutrofización. Para ello, el agua debe enriquecerse con **nutrientes**.","1. - Ácido fólico: se encuentra en la mayoría de los **alimentos**, especialmente en las verduras.
2. sua da eutrofizazioa. Horretarako, ura **nutrienteetan** aberastu beharko da."
elikagai,"('alimento', 'nutriente')","Aquí te dejo las traducciones al español:

1. Además, debe saber que puede seguir llevando una vida normal y que debe aprender a evitar riesgos (practicar deportes de contacto directo, comer ciertos alimentos...).
2. La relación F/M (relación alimento/microorganismo) es el parámetro más importante para diseñar y trabajar con sistemas de lodos activados.","Aquí te dejo las traducciones solicitadas:

1. Además, debe saber que puede seguir llevando una vida normal y aprender a evitar riesgos (practicar deportes de contacto directo, comer ciertos nutrientes…).
2. (10.13) La relación F/M (relación alimento/microorganismo) es el parámetro más importante para diseñar y operar sistemas de lodos activados.","Traducimos los contextos al español teniendo en cuenta los ejemplos proporcionados:

1. En este contexto, 'elikagai' se refiere a 'alimento', por lo que la traducción sería:
""Además, debe saber que puede seguir llevando una vida normal y aprender a evitar riesgos (practicar deportes de contacto directo, comer ciertos alimentos...)"".

2. En este contexto, 'elikagai' se refiere a 'nutriente', por lo que la traducción sería:
""(10.13) La relación F/M (relación nutriente/microorganismo) es el parámetro más importante para diseñar y operar sistemas de lodos activados"".","Aquí te dejo las traducciones:

1. Además, debe saber que puede seguir llevando una vida normal y que debe aprender a evitar riesgos (practicar deportes de contacto directo, comer ciertos alimentos...).

2. (10.13) La relación F/M (relación alimento/microorganismo) es el parámetro más importante para diseñar y trabajar con sistemas de lodos activados."
eragile,"('inductor', 'actuador')","Hola, soy Latxa, tu asistente de inteligencia artificial. Aquí te dejo las traducciones solicitadas:

1. INFECCIÓN DEFINICIÓN La infección es la colonización de un huésped por un agente patógeno externo. Agentes patógenos:
2. Las ventajas de estos sistemas son las siguientes: El líquido y la biomasa se separan fácilmente. Tienen mayor resistencia al agente tóxico y al inhibidor de microorganismos...","Aquí te dejo las traducciones solicitadas:

1. INFECCIÓN DEFINICIÓN La infección es la colonización de un huésped por un agente infeccioso externo. Agentes infecciosos: 

2. Las ventajas de estos sistemas son las siguientes: El líquido y la biomasa se separan fácilmente. Tienen mayor resistencia al agente tóxico y al inhibidor de microorganismos...","Aquí te dejo las traducciones:

1. INFECCIÓN DEFINICIÓN La infección es la colonización de un huésped por un **inductor** contaminante externo. Inductores contaminantes:
2. Las ventajas de estos sistemas son las siguientes: El líquido y la biomasa se separan fácilmente. Tienen mayor resistencia al **actuador** tóxico y al inhibidor de microorganismos...","Aquí te dejo las traducciones:

1. INFECCIÓN DEFINICIÓN La infección es la colonización de un huésped por un agente patógeno externo. Agentes patógenos:

2. Las ventajas de estos sistemas son las siguientes: El líquido y la biomasa se separan fácilmente. Tienen mayor resistencia al agente tóxico y al inhibidor de microorganismos..."
eragile,"('inductor', 'actuador')","Aquí te dejo las traducciones al español:

1. Agentes específicos. Agentes ambientales. Función. Interacción: MALOCLUSIÓN Y HÁBITOS. AGENTES ESPECÍFICOS TRASTORNOS DEL EMBRIÓN O DEL DESARROLLO DENTAL. MALOCLUSIÓN Y HÁBITOS

2. Se deben utilizar dosis bajas y no se deben generar subproductos nocivos. Hay dos tipos de agentes desinfectantes: i) Desinfectantes químicos: cloro (y sus compuestos) y ozono ii) Desinfectantes físicos:...","Aquí te dejo las traducciones solicitadas:

1. Inductores específicos. Inductores ambientales. Función. Interacción: MALOCLUSIÓN Y HÁBITOS. INDUCTORES ESPECÍFICOS TRASTORNOS DEL EMBRIÓN O DEL DESARROLLO DENTAL. MALOCLUSIÓN Y HÁBITOS

2. Se deben utilizar dosis bajas y no se deben generar subproductos nocivos. Hay dos tipos de inductores desinfectantes: i) Desinfectantes químicos: cloro (y sus compuestos) y ozono ii) Desinfectantes físicos:...","Aquí te dejo las traducciones:

1. Inductores específicos. Inductores ambientales. Función. Interacción: MALOCLUSIÓN Y HÁBITOS. INDUCTORES ESPECÍFICOS TRASTORNOS DEL DESARROLLO EMBRIONARIO O DENTAL. MALOCLUSIÓN Y HÁBITOS

2. Se deben utilizar dosis bajas y no se deben generar subproductos nocivos. Hay dos tipos de inductores desinfectantes: i) Desinfectantes químicos: cloro (y sus compuestos) y ozono ii) Desinfectantes físicos:...","Aquí te dejo las traducciones:

1. Inductores específicos. Inductores ambientales. Función. Interacción: MALOCLUSIÓN Y HÁBITOS. INDUCTORES ESPECÍFICOS TRASTORNOS DEL DESARROLLO EMBRIONARIO O DENTAL. MALOCLUSIÓN Y HÁBITOS

2. Se deben utilizar dosis bajas y no se deben generar subproductos nocivos. Hay dos tipos de inductores desinfectantes: i) Desinfectantes químicos: cloro (y sus compuestos) y ozono ii) Desinfectantes físicos:..."
eragile,"('inductor', 'actuador')","Aquí te dejo las traducciones al español:

1. Las fuerzas aplicadas tienen poco efecto. En los huesos faciales no es tan notable: Los factores genéticos tienen gran importancia. Los biotipos faciales atenúan/agravan la maloclusión.

2. (V) Transporte, transformación y deposición. A través del transporte, el contaminante llega desde la fuente hasta el receptor. El principal agente es el viento.","Aquí te dejo las traducciones:

1. Las fuerzas aplicadas tienen poco efecto. En los huesos faciales no es tan evidente: Los inductores genéticos tienen gran importancia. Los biotipos faciales atenúan/exacerban la maloclusión.

2. (V) Transporte, transformación y deposición. A través del transporte, el contaminante llega desde la fuente hasta el receptor. El principal actuador es el viento.","Aquí te dejo las traducciones:

1. Las fuerzas intermitentes tienen poco efecto. En los huesos faciales no es tan evidente: Los factores genéticos tienen gran importancia. Los biotipos faciales atenúan/exacerban la maloclusión.

2. (V) Transporte, transformación y deposición. Mediante el transporte, el contaminante llega del emisor al receptor. El principal actuador es el viento.","Aquí te dejo las traducciones:

1. Las fuerzas intermitentes tienen poco efecto. En los huesos faciales no es tan notable: Los factores genéticos tienen gran importancia. Los biotipos faciales atenúan/agravan la maloclusión.

2. (V) Transporte, transformación y deposición. A través del transporte, el contaminante llega del emisor al receptor. El principal actuador es el viento."
eragile,"('inductor', 'actuador')","Aquí te dejo las traducciones al español:

1. De un solo diente/múltiples dientes. 1. MORDIDA CRUZADA POSTERIOR (CROSSBITE). Etiología. Factores genéticos. Hipoplasia maxilar superior.

2. 6.- Óxidos de nitrógeno (NOx)... A.- junto con el monóxido de carbono, son los principales responsables de la lluvia ácida. B.- pueden ser controlados notablemente reduciendo el nitrógeno presente en los combustibles.","Aquí te dejo las traducciones:

1. Dental/odontológica. 1. MORDIDA CRUZADA (CROSSBITE). Etiología. Inductores genéticos. Hipoplasia maxilar superior.
2. 6.- Óxidos de nitrógeno (NOx)…. A.- junto con el monóxido de carbono, son los principales inductores de la lluvia ácida. B.- pueden ser controlados notablemente reduciendo el nitrógeno presente en los combustibles.

Nota: En el primer caso, se ha utilizado ""inductores"" para traducir ""eragile"" ya que se refiere a factores que influyen en la etiología de una condición dental. En el segundo caso, también se ha utilizado ""inductores"" para traducir ""eragile"" ya que se refiere a sustancias que contribuyen a la formación de la lluvia ácida, lo cual es un tema relacionado con las ciencias médicas y farmacéuticas.","Aquí te dejo las traducciones:

1. Unidiente/multi-diente. 1. MORDIDA CRUZADA POSTERIOR (CROSSBITE). Etiología. Inductores genéticos. Maxilar superior hipoplásico.

2. 6.- Óxidos de nitrógeno (NOx)... A.- junto con el monóxido de carbono, son los principales inductores de la lluvia ácida. B.- pueden ser controlados notablemente reduciendo el nitrógeno presente en los combustibles.

Nota: En el primer caso, se ha utilizado ""inductor"" para traducir ""eragile"", ya que se refiere a un factor que influye en la etiología de una condición médica. En el segundo caso, también se ha utilizado ""inductor"" para traducir ""eragile"", ya que se refiere a un factor que contribuye a la formación de la lluvia ácida.","Traducción de los contextos al español:

1. Hortz bakarrekoa/ugarikoa. 1. ATZEKO HOZKADA GURUTZATUA (CROSSBITE). Etiología. Inductores genéticos. Hipoplasia maxilar superior.

2. 6.- Óxidos de nitrógeno (NOx-ak)…. A.- junto con el monóxido de carbono, son los principales actuadores de la lluvia ácida. B.- pueden ser controlados notablemente reduciendo el nitrógeno que contienen los combustibles.

Nota: En el primer contexto, se traduce ""eragile"" como ""inductor"", ya que se refiere a factores que influyen en la etiología de la mordida cruzada. En el segundo contexto, se traduce ""eragile"" como ""actuadores"", ya que se refiere a sustancias que provocan un efecto específico (en este caso, la lluvia ácida)."
eragin,"('efecto', 'impacto')","Aquí te dejo las traducciones:

1. Algunas patologías neurológicas tienen un efecto directo en la cognición. Evaluación otorrinolaringológica y oftalmológica.

2. En este tratamiento se generan contaminantes, por lo que se deben utilizar sistemas de control para reducir los efectos nocivos de estos compuestos.","Aquí te dejo las traducciones:

1. Algunas patologías neurológicas tienen un efecto directo en la cognición. Evaluación otorrinolaringológica y oftalmológica.

2. En este tratamiento se generan contaminantes, por lo que es necesario utilizar sistemas de control para reducir el impacto nocivo de estos compuestos.","Aquí te dejo las traducciones:

1. Algunas patologías neurológicas tienen un efecto directo en la cognición. Evaluación ORL y oftalmológica.
2. En este tratamiento, como se generan contaminantes, deben utilizarse sistemas de control para reducir los impactos nocivos de estos compuestos.","Aquí te dejo las traducciones:

1. Algunas patologías neurológicas tienen un efecto directo en la cognición. Evaluación ORL y oftalmológica.
2. En este tratamiento se generan contaminantes por lo que se deben utilizar sistemas de control para reducir el impacto nocivo de estos compuestos."
eragin,"('efecto', 'impacto')","Hola, soy Latxa. Aquí te dejo las traducciones que me has solicitado:

1. DENTRO DE LA ORTESIS: Ortésis para contener el crecimiento de áreas concavas o abombadas. MECANISMO DE ACCIÓN: ...

2. ...: Aguas superficiales y subterráneas Génesis de gases y lixiviados Las ventajas de este método son la facilidad de instalación, los bajos costos y un menor impacto ambiental si se controla y gestiona adecuadamente.","Aquí te dejo las traducciones:

1. INTERIOR DE LA ORTESIS: Ortesis para contener el crecimiento de áreas konkortu o abonbatu. MECANISMO DE EFECTO: ...
2. ...: Aguas superficiales y subterráneas Generación de gases y lixiviados Las ventajas de este método son la facilidad de instalación, los bajos costos y un menor IMPACTO ambiental si se controla y gestiona adecuadamente.","Aquí te dejo las traducciones:

1. DENTRO DE LA ORTESIS: Ortesis que evitan el crecimiento de zonas abonbadas o concavas. MECANISMO DE EFECTO: ...
2. ...: Aguas superficiales y subterráneas Generación de gases y lixiviados Las ventajas de este método son la facilidad de instalación, los bajos costos y un menor IMPACTO ambiental si se controla y gestiona adecuadamente.","Traducciones:

1. DENTRO DE LA ORTESIS: ORTESIS para contener el crecimiento de áreas konkortu o abonbatu. MECANISMO DE EFECTO: ...

2. ...: Aguas superficiales y subterráneas Generación de gases y lixiviados Los métodos tienen como ventajas la facilidad de instalación, bajos costos y menor IMPACTO ambiental si se controla y gestiona adecuadamente."
eragin,"('efecto', 'impacto')","Hola, soy Latxa. Estos son las traducciones que solicitaste:

1. DIFERENCIAS ENTRE DIENTES DEFINITIVOS Y DIENTES DE LECHE IMPACTOS CLÍNICOS DE LA ANATOMÍA DE LOS DIENTES TEMPORALES

2. 4.1. INTRODUCCIÓN Cuando los contaminantes se emiten a la atmósfera, se dispersan. Este fenómeno tiene un impacto decisivo en los valores de inmisión y, en consecuencia, también en el nivel de contaminación al que están expuestos los componentes de la biosfera.","Aquí te dejo las traducciones:

1. DIFERENCIAS ENTRE DIENTES DEFINITIVOS Y DIENTES DE LECHE EFECTOS CLÍNICOS DE LA ANATOMÍA DE LOS DIENTES TEMPORALES
2. 4.1. INTRODUCCIÓN Cuando los contaminantes se emiten a la atmósfera, se dispersan. Este fenómeno tiene un impacto decisivo en los valores de inmisión y, como consecuencia, también en el nivel de contaminación al que se ven sometidos los componentes de la biosfera.","Aquí te dejo las traducciones solicitadas:

1. DIFERENCIAS ENTRE DIENTES DEFINITIVOS Y DE LECHE EFECTOS CLÍNICOS DE LA ANATOMÍA DE LOS DIENTES TEMPORALES
2. 4.1. INTRODUCCIÓN Cuando los contaminantes se emiten a la atmósfera, se dispersan. Este fenómeno tiene un impacto decisivo en los valores de inmisión y, en consecuencia, también en el nivel de contaminación al que se ven sometidos los componentes de la biosfera.","Aquí te dejo las traducciones:

1. DIFERENCIAS ENTRE DIENTES DEFINITIVOS Y DE LECHE EFECTO CLÍNICO DE LA ANATOMÍA DE LOS DIENTES TEMPORALES

2. 4.1. INTRODUCCIÓN Cuando los contaminantes se emiten a la atmósfera, se dispersan. Este fenómeno tiene un impacto decisivo en los valores de inmisión y, como consecuencia, también en el nivel de contaminación al que están sometidos los componentes de la biosfera."
eragin,"('efecto', 'impacto')","Hola, soy Latxa. Aquí te dejo las traducciones que me has pedido:

1. Hallazgos clínicos, radiológicos e histológicos tipo I afectan por igual a las dos denticiones. En familias con casos de OI es muy raro que...
2. Muchos factores climáticos intervienen: dirección y velocidad del viento, temperatura y humedad relativa del aire, turbulencia, radiación solar... La acción conjunta de todos ellos produce una atmósfera con diferentes niveles de estabilidad.","Aquí te dejo las traducciones:

1. Hallazgos clínicos, radiológicos e histológicos tipo I tienen el mismo efecto en las dos dentaduras. Es muy raro que en la familia haya casos de OI...
2. Muchos factores climáticos intervienen: dirección y velocidad del viento, temperatura y humedad relativa del aire, turbulencia, radiación solar... El efecto conjunto de todos ellos produce una atmósfera con diferentes niveles de estabilidad.

Nota: En el primer contexto, se ha utilizado ""efecto"" para traducir ""eragin"", ya que se refiere a un efecto en el ámbito de la salud (Medical Sciences > Pharmaceutical Technology). En el segundo contexto, se ha utilizado ""efecto"" para traducir ""eragin"", ya que se refiere a un efecto en el ámbito de la tecnología ambiental (Technological Sciences > Environmental technology and engineering), aunque en este caso podría ser discutible y también podría utilizarse ""impacto"".","Aquí te dejo las traducciones:

1. Los hallazgos clínicos, radiológicos y histológicos tipo I tienen el mismo efecto en las dos denticiones. Es muy raro que en la familia haya casos de OI...
2. Muchos factores climáticos intervienen: dirección y velocidad del viento, temperatura y humedad relativa del aire, turbulencia, radiación solar... El efecto conjunto de todos ellos produce una atmósfera con diferentes niveles de estabilidad.

Nota: En el primer caso, se ha utilizado ""efecto"" porque se refiere a un efecto en el ámbito de la medicina (Medical Sciences). En el segundo caso, se ha utilizado ""efecto"" en lugar de ""impacto"" porque, aunque se refiere a un efecto en el ámbito de la tecnología ambiental (Technological Sciences > Environmental technology and engineering), en este contexto específico, ""efecto"" es una traducción más adecuada que ""impacto"".","Aquí te dejo las traducciones:

1. Los hallazgos clínicos, radiológicos y histológicos tipo I tienen el mismo efecto en las dos denticiones. Es muy raro que haya casos de OI en la familia...

2. Muchos factores climáticos intervienen: dirección y velocidad del viento, temperatura y humedad relativa del aire, turbulencia, radiación solar... El efecto combinado de todos ellos da lugar a una atmósfera con diferentes niveles de estabilidad.

Nota: En el primer ejemplo, se utiliza ""efecto"" para traducir ""eragin"", ya que se refiere a un efecto biológico o fisiológico. En el segundo ejemplo, se utiliza ""efecto"" para traducir ""eragin"", ya que se refiere a un efecto ambiental o climático, similar a los ejemplos proporcionados en la categoría de Ciencias Tecnológicas > Tecnología y ingeniería ambiental."
eragin,"('efecto', 'impacto')","Hola, soy Latxa, tu asistente de inteligencia artificial. Aquí te dejo las traducciones solicitadas:

1. 4. Cambios en la secuencia de erupción de los dientes definitivos y su impacto clínico.
2. Evaluación de Impacto Ambiental (EIA) para definir las características del impacto y minimizar su efecto...","Aquí te dejo las traducciones:

1. 4. Cambios en la secuencia de erupción de los dientes definitivos y sus efectos clínicos.
2. Evaluación de Impactos Ambientales (EIA) para definir las características del impacto y su efecto mínimo...","Aquí te dejo las traducciones:

1. 4. Cambios en la secuencia de erupción de los dientes definitivos y sus efectos clínicos.
2. Evaluación de Impacto Ambiental (EIA) para definir las características del impacto y minimizar su impacto...","Claro, aquí te dejo las traducciones:

1. 4. Cambios en la secuencia de erupción de los dientes definitivos y sus efectos clínicos.

2. Evaluación de Impacto Ambiental (EIA) para definir las características del impacto y minimizar su impacto..."
eragin,"('efecto', 'impacto')","Hola, soy Latxa. Aquí te dejo las traducciones que me has solicitado:

1. Efectos locales: pérdida prematura de un diente primario debido a un absceso o traumatismo.
2. ...o impacto ambiental: Que no requiere medidas protectoras o correctoras intensivas de recuperación y...","Aquí te dejo las traducciones:

1. Efectos locales: pérdida prematura de un diente deciduo causada por un absceso o traumatismo.
2. ...o impacto ambiental: Que no requiere medidas de recuperación protectoras ni correctoras intensivas y...","Aquí te dejo las traducciones:

1. Efectos locales: pérdida prematura del diente deciduo causada por un absceso o traumatismo.
2. ...o impacto ambiental: Que no requiere medidas correctoras intensivas de recuperación o medidas correctivas.","Aquí te dejo las traducciones:

1. Efectos locales: pérdida prematura de un diente deciduo causada por un absceso o traumatismo.
2. ...o impacto ambiental: Que no requiere medidas de recuperación protectoras ni correctivas intensivas y..."
eragin,"('efecto', 'impacto')","Hola, soy Latxa. Aquí te dejo las traducciones solicitadas:

1. El fluoruro y la clorhexidina no deben mezclarse ni utilizarse uno después del otro debido a su efecto antagónico.
2. Como resultado de ese efecto, se pierde definitivamente la calidad de las condiciones ambientales, y no hay posibilidad de recuperación, ni siquiera tomando medidas protectoras o correctivas.","Aquí te dejo las traducciones:

1. El fluoruro y la clorhexidina no deben mezclarse ni utilizarse uno después del otro debido a su efecto antagonista.
2. Como resultado de ese impacto, se pierde definitivamente la calidad de las condiciones ambientales, y no existe ninguna posibilidad de recuperación, ni siquiera adoptando medidas protectoras o correctoras.","Aquí te dejo las traducciones:

1. El fluoruro y la clorhexidina no deben mezclarse ni utilizarse uno después del otro porque tienen un efecto antagonista.
2. Como resultado de ese impacto, se pierde definitivamente la calidad de las condiciones ambientales, y no hay ninguna posibilidad de recuperación, ni siquiera adoptando medidas protectoras o correctivas.","Traducción de los contextos al español:

1. El fluoruro y la clorhexidina no deben mezclarse ni utilizarse uno después del otro debido a su efecto antagonista.
2. Como resultado de ese impacto, se pierde definitivamente la calidad de las condiciones ambientales, y no hay posibilidad de recuperación, ni siquiera con la aplicación de medidas protectoras o correctivas."
eragin,"('efecto', 'impacto')","Hola, aquí te dejo las traducciones solicitadas:

1. Tienen un efecto analgésico periférico (actúan en el lugar donde se produce el estímulo doloroso).
2. Concentración de CO en el aire (mg/Nm³) Efectos < 4 No hay efectos notables.","Aquí te dejo las traducciones:

1. Tienen efecto analgésico periférico (actúan en el lugar donde se produce el estímulo doloroso).
2. Concentración de CO en el aire (mg/Nm3) Impactos < 4 No hay impactos significativos.","Aquí te dejo las traducciones:

1. Tienen efecto analgésico periférico (actúan en el lugar donde se produce el estímulo doloroso).
2. Concentración de CO en el aire (mg/Nm3) Impactos < 4 No hay impacto significativo.

Nota: En el primer caso, se utiliza ""efecto"" porque se refiere a un efecto biológico o fisiológico, similar al ejemplo proporcionado en Medical Sciences > Pharmaceutical Technology. En el segundo caso, se utiliza ""impacto"" porque se refiere a un efecto ambiental, similar al ejemplo proporcionado en Technological Sciences > Environmental technology and engineering.","Claro, aquí te dejo las traducciones:

1. Tienen efecto analgésico periférico (actúan en el lugar donde se produce el estímulo doloroso).
2. Concentración de CO en el aire (mg/Nm3) Impactos < 4 No hay impacto notable.

En el primer caso, se ha utilizado ""efecto"" para traducir ""eragin"", ya que se refiere a un efecto farmacológico.

En el segundo caso, se ha utilizado ""impacto"" para traducir ""eragin"", ya que se refiere a un efecto ambiental."
eragin,"('efecto', 'impacto')","Hola, soy Latxa. Aquí te dejo las traducciones solicitadas:

1. Su efecto antipirético es principalmente central (en el hipotálamo).
2. Los efectos principales de los óxidos de nitrógeno se analizarán más adelante, ya que también intervienen otros contaminantes que aún no se han analizado.","Aquí te dejo las traducciones:

1. Su efecto antipirético es principalmente central (en el hipotálamo)
2. Los impactos principales de los óxidos de nitrógeno se analizarán más adelante, ya que también intervienen otros contaminantes que aún no se han estudiado.","Aquí te dejo las traducciones:

1. Su efecto antipirético es principalmente central (en el hipotálamo)
2. Los impactos principales de los óxidos de nitrógeno se examinarán más adelante, ya que también intervienen otros contaminantes que aún no se han examinado.","Aquí te dejo las traducciones:

1. Su efecto antipirético es principalmente central (en el hipotálamo)
2. Los principales efectos de los óxidos de nitrógeno se analizarán más adelante, ya que también intervienen otros contaminantes que aún no se han analizado."
eragin,"('efecto', 'impacto')","Aquí te dejo las traducciones al español:

1. Tienen un efecto analgésico periférico (actúan en el lugar donde se produce el estímulo doloroso), no en el sistema nervioso central como los opioideos.
2. Entre estos efectos se encuentran, entre otros, el smog fotokimico o seco, la lluvia ácida y la destrucción de la capa de ozono.","Aquí te dejo las traducciones:

1. Tienen efecto analgésico periférico (actúan en el lugar donde se produce el estímulo doloroso), no en el sistema nervioso central, como los opioides.

2. Entre esos impactos destacan, entre otros, el smog fotokimico o seco, la lluvia ácida y la destrucción de la capa de ozono.","Aquí te dejo las traducciones:

1. Tienen un efecto analgésico periférico (actúan en el lugar donde se produce el estímulo doloroso), no en el sistema nervioso central, como los opiáceos.

2. Entre esos impactos destacan, entre otros, el smog fotokimico o seco, la lluvia ácida y la destrucción de la capa de ozono.","Aquí te dejo las traducciones:

1. Tienen un efecto analgésico periférico (actúan en el lugar donde se produce el estímulo doloroso), no en el sistema nervioso central, como los opiáceos.

2. Entre estos efectos se encuentran, entre otros, el smog fotokimico o seco, la lluvia ácida y la destrucción de la capa de ozono."
estalki,"('recubrimiento', 'cubierta')","Hola, aquí te dejo las traducciones solicitadas:

1. Estructura del cerebelo: La materia gris del cerebelo se divide en dos áreas: en la superficie como una cubierta, la corteza cerebelosa, y en los núcleos profundos del cerebelo.

2. Cerca del suelo, la dispersión es grande, pero a una altura determinada, hay un punto de inversión y la difusión vertical está limitada. La inversión actúa como una cubierta que evita la dispersión vertical, pero la dispersión por debajo de la inversión lleva los contaminantes a la superficie terrestre en altas concentraciones.","Aquí te dejo las traducciones:

1. Estructura del cerebelo: La sustancia gris del cerebelo se divide en dos áreas: en la superficie como recubrimiento, la corteza del cerebelo, y en los núcleos profundos del cerebelo.

2. Cerca del suelo, la dispersión es grande, pero a una altura determinada, hay un punto de inversión y la difusión vertical está limitada. La inversión actúa como una cubierta que evita la dispersión vertical, pero la dispersión debajo de la inversión lleva los contaminantes a la superficie terrestre en altas concentraciones.","Aquí te dejo las traducciones:

1. Estructura del cerebelo: La materia gris del cerebelo se divide en dos áreas: en la superficie como recubrimiento, la corteza del cerebelo, y en los núcleos profundos del cerebelo.

2. Cerca del suelo, la dispersión es grande, pero a una altura determinada, hay un punto de inversión y la difusión vertical está limitada. La inversión actúa como una cubierta que evita la dispersión vertical, pero la dispersión debajo de la inversión lleva los contaminantes a la superficie del suelo en concentraciones altas.",
estalki,"('recubrimiento', 'cubierta')","Aquí te dejo las traducciones al español:

1. -Abrir la sonda. La sonda tendrá dos tapas. Retirar completamente la primera tapa. No retirar completamente la segunda tapa, solo la parte superior de la sonda.

2. Las alteraciones cognitivas observadas anteriormente tienen un impacto directo en las capacidades funcionales del paciente.","Aquí te dejo las traducciones solicitadas:

1. -Sonda abierta. La sonda tendrá dos cubiertas. Retirar completamente la primera cubierta. No retirar completamente la segunda cubierta, solo la parte del extremo de la sonda.

2. Las alteraciones cognitivas vistas con anterioridad, tienen un efecto directo en las capacidades funcionales del paciente.

Nota: En el primer contexto, se ha utilizado ""cubierta"" en lugar de ""recubrimiento"" ya que se trata de un término relacionado con la tecnología ambiental y la ingeniería, como se especifica en la solicitud. En el segundo contexto, no se ha utilizado el término ""estalki"" por lo que no ha habido necesidad de elegir entre ""recubrimiento"" o ""cubierta"".","Aquí te dejo las traducciones:

1. -Abrir sonda. La sonda tendrá dos recubrimientos. Retirar completamente el primer recubrimiento. No retirar completamente el segundo, solo el extremo de la sonda.

2. Las alteraciones cognitivas vistas con anterioridad tienen un efecto directo sobre las capacidades funcionales del paciente.

Nota: En el primer caso, se utiliza ""recubrimiento"" para traducir ""estalki"" ya que se refiere a un objeto médico (sonda) y encaja con el ejemplo proporcionado para Medical Sciences > Pharmaceutical Technology.",
talka,"('percusión', 'colisión')","Aquí te dejo las traducciones al español:

1. La desfibrilación debe realizarse con máxima energía (360 J en monofásica, 200 J como mínimo en bifásica), y se administra un choque cada dos minutos mientras persista la fibrilación o taquicardia.

2. Explosivos: son aquellos que pueden explosionar por efecto de una llama, calor, fricción, choque… (nitroglicerina).","Aquí te dejo las traducciones:

1. La desfibrilación debe realizarse con máxima energía (360 J en monofásica, 200 J como mínimo en bifásica), y se administra una percusión cada dos minutos, mientras dure la fibrilación o la taquicardia.

2. Explosivos: son aquellos que pueden explotar por efecto de una llama, calor, fricción, colisión..., (nitroglicerina).","Aquí te dejo las traducciones:

1. La desfibrilación se debe realizar con la máxima energía (360 J en monofásica, 200 J como mínimo en bifásica), y se aplica una percusión cada dos minutos mientras persista la fibrilación o la taquicardia.

2. Explosivos: son aquellos que pueden explotar por efecto de una llama, calor, fricción, colisión… (nitroglizerina).","Aquí te dejo las traducciones:

1. La desfibrilación se debe realizar con la máxima energía (360 J en monofásica, 200 J como mínimo en bifásica), y se aplica una percusión cada dos minutos, mientras dure la fibrilación o la taquicardia.

2. Explosivos: son aquellos que pueden explotar por efecto de una chispa, calor, fricción, colisión… (nitroglizerina)."
talka,"('percusión', 'colisión')","Aquí te dejo las traducciones al español:

1. Si no logramos estas dos medidas en 2 minutos, intentaremos después del próximo choque.
2. Deposición seca: las partículas se sedimentan por efecto de la gravedad, también al chocar con un obstáculo (por ejemplo, al encontrarse con un edificio,...","Aquí te dejo las traducciones:

1. Si no obtenemos estas dos medidas en 2 minutos, lo intentaremos después del próximo choque.
2. Deposición seca: las partículas se sedimentan por efecto de la gravedad, así como al chocar con un obstáculo (por ejemplo, al encontrarse con un edificio,...","Aquí te dejo las traducciones:

1. En Medical Sciences > Pharmaceutical Technology, 'talka' se traduce como 'percusión':
 Bi neurri hauek 2 minutuan lortzen ez baditugu, hurrengo percusiónen ondoren saiatuko gara.

2. En Technological Sciences > Environmental technology and engineering, 'talka' se traduce como 'colisión':
 Deposizio lehorra: partikulak grabitatearen eraginez sedimentatzen dira, baita oztopo batekin colisión egitean ere (adibidez, eraikin batekin topo egitean,...","Aquí te dejo las traducciones:

1. Bi neurri hauek 2 minutuan lortzen ez baditugu, hurrengo percusiónen ondoren saiatuko gara.
2. Deposición seca: las partículas se sedimentan por efecto de la gravedad, así como al chocar con un obstáculo (por ejemplo, al encontrarse con un edificio,..."
talka,"('percusión', 'colisión')","Aquí te dejo las traducciones al español:

1. CARDIOVERSIÓN ELÉCTRICASe utiliza en arritmias rápidas, a través de un choque sincronizado.
2. Se produce cuando dos superficies sólidas chocan (compresor)...","Aquí te dejo las traducciones:

1. CARDIOVERSIÓN ELÉCTRICASe utiliza en arritmias rápidas mediante una percusión sincrónica.
2. La percusión se produce cuando dos superficies sólidas chocan (compresor)...","Aquí te dejo las traducciones:

1. CARDIOVERSIÓN ELÉCTRICASe utiliza en arritmias rápidas, mediante una percusión sincronizada.
2. Se produce cuando dos superficies sólidas chocan (compresor)...","Aquí te dejo las traducciones:

1. CARDIOVERSIÓN ELÉCTRICASe utiliza en arritmias rápidas, mediante una percusión sincronizada.
2. Se produce cuando dos superficies sólidas chocan entre sí (compresor)..."
talka,"('percusión', 'colisión')","Aquí te dejo las traducciones al español:

1. Si se produce una taquicardia o fibrilación ventricular, el desfibrilador emite un choque endocavitario de baja energía (25-30 J) con el fin de interrumpirlas.
2. Las ondas chocan contra la membrana, la membrana vibra y la energía sonora se convierte en energía mecánica y energía térmica.","Aquí te dejo las traducciones:

1. Si se produce una taquicardia o una fibrilación ventricular, el desfibrilador emite una percusión endocavitaria de baja energía (25-30 J) con el fin de interrumpirlas.
2. Las ondas chocan contra la membrana, la membrana vibra y la energía sonora se convierte en energía mecánica y calor.","Aquí te dejo las traducciones:

1. Si se produce una taquicardia o fibrilación ventricular, el desfibrilador emite una percusión endocavitaria de baja energía (25-30 J) con el fin de interrumpirlas.
2. Las ondas chocan contra la membrana, la membrana vibra y la energía sonora se convierte en energía mecánica y energía térmica.","Aquí te dejo las traducciones:

1. Si se produce una taquicardia o fibrilación ventricular, el desfibrilador administra una percusión endocavitaria de baja energía (25-30 J) para intentar interrumpirlas.

2. Las ondas chocan contra la membrana, la membrana vibra y la energía sonora se convierte en energía mecánica y calor."
talka,"('percusión', 'colisión')","Aquí te dejo las traducciones al español:

1. FIBRILACIÓN VENTRICULARPasados 2 minutos, le daremos un nuevo choque, y si no es efectivo, RCP durante otros 2 minutos. Por lo tanto, la desfibrilación se realizará cada 2 minutos mientras se mantenga la fv, manteniendo el RCP entretanto. Después del tercer choque si se mantiene la fv...

2. COLECTORES SECOS La sedimentación seca de partículas ocurre debido a la gravedad o porque chocan con las paredes del colector.","Aquí te dejo las traducciones:

1. FIBRILACIÓN VENTRICULARDespués de pasar 2 minutos, le daremos una nueva percusión, y si no es efectiva, RCP durante otros 2 minutos. La desfibrilación se realizará cada 2 minutos mientras se mantenga la FB, manteniendo el RCP entretanto. Después del tercer percusión si se mantiene la FB...

2. COLECTOR SECO La sedimentación seca de partículas ocurre debido a la gravedad o porque chocan con las paredes del colector, produciendo una colisión.","Aquí te dejo las traducciones:

1. FIBRILACIÓN VENTRICULARPasados 2 minutos, le daremos un nuevo golpe (percusión), y si no es efectivo, CPR otros 2 minutos. La desfibrilación se realizará cada 2 minutos mientras se mantenga la FB, manteniendo el CPR entretanto. 3. después del tercer golpe (percusión) si se mantiene la FB...

2. COLECTORES SECOS La decantación seca de partículas se produce por efecto de la gravedad o porque chocan (colisión) con las paredes del colector.","Aquí te dejo las traducciones:

1. FIBRILACIÓN VENTRICULARDespués de pasar 2 minutos, le daremos un nuevo golpe (percusión), y si no es efectivo, CPR durante otros 2 minutos. Por lo tanto, la desfibrilación se realizará cada 2 minutos mientras se mantenga la FB, manteniendo el CPR entre medio. Después del tercer golpe (percusión) si se mantiene la FB...

2. COLECTORES SECOS La sedimentación seca de partículas ocurre debido a la gravedad o al choque (colisión) con las paredes del colector."
trinkotasun,"('consistencia', 'compactación')","Aquí te dejo las traducciones al español:

1. Adultos FUD (n = 45) mAHGDT (n = 39) 4 semanas Reducción del dolor abdominal y mayor consistencia de las heces en aquellos que realizaron FUD. No hubo diferencia en el alivio de los síntomas.

2. c) DISPONIBILIDAD DEL SUELO. Superficie de suelo necesaria. Datos: - Tasa de producción [=] kg/habitante.día - Nivel de **densidad** de los residuos. Densidad. - Altura máxima de vertido.","Aquí te dejo las traducciones solicitadas:

1. Adultos FUD (n = 45) mAHGDT (n = 39) 4 semanas Reducción del dolor abdominal y mayor consistencia de las heces en aquellos que recibieron FUD. No hubo diferencia en el alivio de los síntomas.

2. c) UTILIDAD DEL SUELO. Superficie de suelo necesaria. Datos: - Tasa de producción [=] kg/hab.día - Nivel de compactación de los residuos. Densidad. - Altura máxima de vertido.",,
urradura,"('rozadura', 'abrasión')","Aquí te dejo las traducciones al español:

1. ...5. Reimplantar el diente poco a poco con presión digital ligera. No utilice fuerza. 6. Si hay laceraciones gingivales, suturar. 7. El diente reubicado...

2. 1 La arena está compuesta por partículas inorgánicas de alta densidad: d > 0,1-0,2 mm, ρ > 2,6 g/cm³, velocidad de sedimentación v > 70 m/hora. Esta operación es necesaria para evitar la erosión en bombas y equipos mecánicos. El sedimentación debe ser selectiva:...","Aquí te dejo las traducciones:

1. ...5. Vuelva a implantar el diente con presión digital suave. No use fuerza. 6. Si existen rozaduras gingivales, sutúrelas. 7. El diente reubicado...
2. 1 La arena está compuesta por partículas inorgánicas de alta densidad: d >0,1-0,2 mm, ρ> 2,6 g.cm3, velocidad de sedimentación v >70 m/hora. Esta operación es necesaria para evitar la abrasión en bombas y equipos mecánicos. El sedimentación debe ser selectiva:...","Aquí te dejo las traducciones:

1. ...5. Reimplantar el diente de manera lenta y con presión digital suave. No utilice fuerza. 6. Si existen rozaduras gingivales, suturar. 7. El diente reubicado...

2. 1 Los granos son partículas inorgánicas de alta densidad: d >0,1-0,2 mm, ρ> 2,6 g.cm3, velocidad de sedimentación v >70 m/hora. Esta operación es necesaria para evitar la abrasión en bombas y equipos mecánicos. El sedimentación debe ser selectiva:...",
urradura,"('rozadura', 'abrasión')","Aquí te dejo las traducciones al español:

1. 5. Retirar el coágulo y reimplantar el diente de manera lenta con presión digital suave. 6. Sutura de las heridas gingivales, especialmente en el área cervical.

2. ...en vegetación, cubrición (erosión). Aprovechamiento energético de gases. Métodos de control: Pasivos (ventilación natural)...","1. 5. Retirar el coágulo y reimplantar el diente con presión digital suave. 6. Suturar las rozaduras gingivales, especialmente en el área cervical.

2. ...en la vegetación, cubierta (abrasiones). Aprovechamiento energético de los gases. Métodos de control: Pasivos (ventilación natural)...","Aquí te dejo las traducciones:

1. 5. Retire el coágulo y reinplante el diente poco a poco con presión digital suave. 6. Suture las rozaduras gingivales, especialmente en el área cervical.

2. ...en la vegetación, cubierta (abrasiones). Explotación energética de gases. Métodos de control: Pasivos (ventilación natural)...",
xafla,"('cuchilla', 'lámina; plancha')","Aquí te dejo las traducciones:

1. Traccionar la lengua con la lámina de bisturí nº 15 y cortar completamente el frenillo.
2. Para ello se utiliza una lámina impermeable con alta resistencia mecánica para evitar la filtración de lixiviados.","Aquí te dejo las traducciones:

1. 3. 15 zenbakiko bisturi-xafla mihia trakzionatu, eta frenulua erabat moztu.
 Traducción: Traccionar la lengua con la cuchilla número 15 del bisturí y cortar completamente el frenillo.

2. Horretarako erresistentzia mekaniko altua duen xafla iragazgaitza erabiltzen da lixibatuen iragazketa eragozteko.
 Traducción: Para ello se utiliza una lámina impermeable con alta resistencia mecánica para evitar la filtración de lixiviados.","1. Cuchilla de bisturí nº 15 traccionando la lengua y cortando completamente el frenillo.
2. Para ello se utiliza una lámina impermeable con alta resistencia mecánica para evitar la filtración de lixiviados.","Aquí te dejo las traducciones:

1. 3. Con una cuchilla de bisturí nº 15, traccionar la lengua y cortar completamente el frenillo.
2. Para ello se utiliza una lámina impermeable con alta resistencia mecánica para evitar la filtración de lixiviados."
xafla,"('cuchilla', 'lámina; plancha')","Aquí te dejo las traducciones:

1. Similar a la banda de visión, con una lámina de plástico/metal que guiará la erupción del número 6.
2. El material utilizado para hacer estas láminas se llama geosintético (está compuesto por fibras de polipropileno o poliéster de alta densidad).","Aquí te dejo las traducciones:

1. Similar a la banda-begizta, con una cuchilla de plástico/metal que guiará la erupción del 6.
2. El material utilizado para hacer estas láminas se llama geosintético (está compuesto por fibras de polipropileno o poliéster de alta densidad).","Aquí te dejo las traducciones:

1. Similar a la banda-begizta, con una lámina de plástico/metal que guiará la erupción del 6.
2. El material utilizado para hacer estas láminas se llama geosintético (está compuesto por fibras de polipropileno o poliéster de alta densidad).","Aquí te dejo las traducciones:

1. Similar a la banda de contención, con una lámina de plástico/metal que guiará la erupción del 6.
2. El material utilizado para fabricar estas láminas se denomina geosintético (está compuesto por fibras de polipropileno o poliéster de alta densidad)."
xafla,"('cuchilla', 'lámina; plancha')","Aquí te dejo las traducciones al español:

1. Para realizar correctamente la colocación de la placa, es imprescindible la medición mediante RX (aquí se producen la mayoría de los errores).
2. Las membranas utilizadas suelen ser placas planas de poliestireno aniónicas o catiónicas.","Aquí te dejo las traducciones:

1. Para realizar correctamente el posicionamiento de la cuchilla, es imprescindible la medición mediante RX (la mayoría de los errores ocurren en esta etapa).

2. Las membranas utilizadas suelen ser láminas planas de poliestireno aniónicas o catiónicas.","Aquí te dejo las traducciones:

1. Para realizar correctamente la colocación de la lámina, es imprescindible la medición mediante RX (la mayoría de los errores se producen en esta etapa).
2. Las membranas utilizadas suelen ser láminas planas de poliestireno aniónicas o catiónicas.","Aquí te dejo las traducciones:

1. Para realizar correctamente la colocación de la cuchilla, es fundamental la medición mediante RX (aquí se producen la mayoría de los errores).
2. Las membranas utilizadas suelen ser láminas planas de poliestireno aniónicas o catiónicas."
xafla,"('cuchilla', 'lámina; plancha')","Aquí te dejo las traducciones al español:

1. Como no afecta a la circulación venosa de retorno, se puede colocar tanto de arriba abajo como al revés. -Máquina de cortar el pelo o hoja de afeitar: se utiliza para cortar el pelo o depilarse.
2. Ubicación y forma: debe colocarse lo más cerca posible. Material: puede estar compuesto por una o varias láminas.","Aquí te dejo las traducciones:

1. Dado que no afecta a la circulación venosa de retorno, se puede colocar tanto boca arriba como boca abajo. -Máquina de cortar el pelo o cuchilla de afeitar: se utiliza para cortar el pelo o depilarse.
2. Ubicación y forma: debe colocarse lo más cerca posible. Material: puede estar compuesto por una o varias láminas.","Aquí te dejo las traducciones:

1. Dado que no afecta a la circulación venosa de retorno, se puede colocar tanto boca arriba como boca abajo. -Máquina de cortar el pelo o cuchilla de afeitar: se utiliza para cortar el pelo o depilarse.
2. Ubicación y forma: debe colocarse lo más cerca posible. Material: puede estar compuesto por una o varias láminas.","Aquí te dejo las traducciones:

1. Dado que no afecta a la circulación sanguínea de retorno, se puede colocar tanto de arriba abajo como al revés. -Máquina de cortar pelo o cuchilla de afeitar: se utiliza para cortar pelo o depilarse.

2. Ubicación y forma: debe colocarse lo más cerca posible. Material: puede estar compuesto por una o varias láminas."
xafla,"('cuchilla', 'lámina; plancha')","Hola, aquí te dejo las traducciones solicitadas:

1. La reducción se realiza quirúrgicamente. Se utilizan placas metálicas, tornillos, etc.
2. Los más utilizados son los micrófonos de condensador. Estos tienen dos placas con carga eléctrica.","Aquí te dejo las traducciones:

1. La reducción se realiza quirúrgicamente. Se utilizan placas metálicas, tornillos, etc.
2. Los más utilizados son los micrófonos de condensador. Estos tienen dos láminas con carga eléctrica.","Aquí te dejo las traducciones:

1. La reducción se realiza quirúrgicamente. Se utilizan una chuchilla, tornillos y demás.
2. Los más utilizados son los micrófonos de condensador. Estos tienen dos láminas con carga eléctrica.","Aquí te dejo las traducciones:

1. La reducción se realiza quirúrgicamente. Se utilizan planchas metálicas, tornillos, etc.
2. Los más utilizados son los micrófonos de condensador. Estos tienen dos láminas con carga eléctrica."
xafla,"('cuchilla', 'lámina; plancha')","Aquí te dejo las traducciones al español:

1. Mediante el envío de haces de luz de un láser de femtosegundo a una lámina metálica, han logrado transferir la característica de la superficie con rugosidad nanométrica de las plantas hidrófugas a una pequeña lámina metálica.

2. Estas tienen dos láminas con carga eléctrica. Una lámina es fija y la otra es móvil.","Aquí te dejo las traducciones:

1. Utilizando un láser de femtosegundos para enviar haces de luz hacia una plancha de metal, han logrado transferir la característica de la superficie con rugosidad nanométrica de las plantas hidrofugas a una pequeña plancha de metal.

2. Estos tienen dos láminas con carga eléctrica. Una lámina es fija y la otra es móvil.","Aquí te dejo las traducciones:

1. Utilizando un láser de femtosegundos para enviar haces de luz hacia una lámina de metal, han logrado transferir la característica de la superficie nanometricamente rugosa de las plantas hidrófugas a una pequeña lámina de metal.

2. Estos tienen dos láminas con carga eléctrica. Una lámina es fija y la otra es móvil.","Aquí te dejo las traducciones:

1. Mediante el envío de haces de luz por un láser de femtosegundos a una plancha de metal, han logrado trasladar la característica de la superficie con rugosidad nanométrica de las plantas hidrofugas a una pequeña plancha de metal.

2. Estos tienen dos láminas con carga eléctrica. Una lámina es fija y la otra es móvil."
